{"cameraMode":{"drawMode":0,"name":"Shaded","section":"Shading Mode"},"sceneLighting":true,"audioPlay":false,"sceneViewState":{"m_AlwaysRefresh":false,"showFog":true,"showSkybox":true,"showFlares":true,"showImageEffects":true,"showParticleSystems":true,"showVisualEffectGraphs":true,"m_FxEnabled":true},"in2DMode":false,"pivot":{"x":7.891054153442383,"y":7.28961181640625,"z":17.590959548950197},"rotation":{"x":0.017555993050336839,"y":0.9569162130355835,"z":-0.28379544615745547,"w":0.05921477824449539},"size":12.12435531616211,"orthographic":false}