{"cameraMode":{"drawMode":0,"name":"Shaded","section":"Shading Mode"},"sceneLighting":false,"audioPlay":false,"sceneViewState":{"m_AlwaysRefresh":false,"showFog":true,"showSkybox":false,"showFlares":true,"showImageEffects":true,"showParticleSystems":true,"showVisualEffectGraphs":true,"m_FxEnabled":true},"in2DMode":false,"pivot":{"x":-2.0299999713897707,"y":11.960000038146973,"z":11.380000114440918},"rotation":{"x":-0.0009456643601879478,"y":0.983587384223938,"z":-0.18082083761692048,"w":-0.004100455436855555},"size":4.264703273773193,"orthographic":false}